IR,Target,Model,Time,NNVM
relay,arm_cpu,dqn,7.5037899999999995,null
relay,arm_cpu,dqn,7.537071,null
relay,arm_cpu,dqn,7.577019,null
relay,arm_cpu,dqn,7.594987,null
relay,arm_cpu,dqn,7.493061,null
relay,arm_cpu,dqn,7.5903,null
relay,arm_cpu,dqn,7.592331,null
relay,arm_cpu,dqn,7.5760819999999995,null
relay,arm_cpu,dqn,7.541186,null
relay,arm_cpu,dqn,7.489156,null
relay,arm_cpu,resnet-18,539.5306290000001,null
relay,arm_cpu,resnet-18,541.306814,null
relay,arm_cpu,resnet-18,535.28415,null
relay,arm_cpu,resnet-18,541.504052,null
relay,arm_cpu,resnet-18,544.870694,null
relay,arm_cpu,resnet-18,540.465623,null
relay,arm_cpu,resnet-18,541.505303,null
relay,arm_cpu,resnet-18,539.004019,null
relay,arm_cpu,resnet-18,543.377581,null
relay,arm_cpu,resnet-18,541.473325,null
relay,arm_cpu,mobilenet,152.30044,null
relay,arm_cpu,mobilenet,152.315545,null
relay,arm_cpu,mobilenet,152.31695100000002,null
relay,arm_cpu,mobilenet,152.524866,null
relay,arm_cpu,mobilenet,152.352993,null
relay,arm_cpu,mobilenet,152.26393,null
relay,arm_cpu,mobilenet,152.33049200000002,null
relay,arm_cpu,mobilenet,152.31439899999998,null
relay,arm_cpu,mobilenet,152.25971199999998,null
relay,arm_cpu,mobilenet,152.150233,null
relay,gpu,dqn,0.400064,null
relay,gpu,dqn,0.433591,null
relay,gpu,dqn,0.43665099999999996,null
relay,gpu,dqn,0.433489,null
relay,gpu,dqn,0.435917,null
relay,gpu,dqn,0.43501599999999996,null
relay,gpu,dqn,0.43533200000000005,null
relay,gpu,dqn,0.434544,null
relay,gpu,dqn,0.436928,null
relay,gpu,dqn,0.434351,null
relay,gpu,resnet-18,2.973566,null
relay,gpu,resnet-18,2.958227,null
relay,gpu,resnet-18,2.956303,null
relay,gpu,resnet-18,2.9735959999999997,null
relay,gpu,resnet-18,2.9422469999999996,null
relay,gpu,resnet-18,2.952146,null
relay,gpu,resnet-18,2.956423,null
relay,gpu,resnet-18,2.9583169999999996,null
relay,gpu,resnet-18,2.940814,null
relay,gpu,resnet-18,2.9792769999999997,null
relay,gpu,mobilenet,1.150425,null
relay,gpu,mobilenet,1.145354,null
relay,gpu,mobilenet,1.1494229999999999,null
relay,gpu,mobilenet,1.15116,null
relay,gpu,mobilenet,1.146743,null
relay,gpu,mobilenet,1.144488,null
relay,gpu,mobilenet,1.143963,null
relay,gpu,mobilenet,1.147605,null
relay,gpu,mobilenet,1.148571,null
relay,gpu,mobilenet,1.146772,null
nnvm,arm_cpu,dqn,7.446021,7.459005599999999
nnvm,arm_cpu,dqn,7.485865,7.459005599999999
nnvm,arm_cpu,dqn,7.445031999999999,7.459005599999999
nnvm,arm_cpu,dqn,7.541646,7.459005599999999
nnvm,arm_cpu,dqn,7.45399,7.459005599999999
nnvm,arm_cpu,dqn,7.458938,7.459005599999999
nnvm,arm_cpu,dqn,7.4673229999999995,7.459005599999999
nnvm,arm_cpu,dqn,7.442636,7.459005599999999
nnvm,arm_cpu,dqn,7.416282,7.459005599999999
nnvm,arm_cpu,dqn,7.432323,7.459005599999999
nnvm,arm_cpu,resnet-18,334.874659,335.1243139
nnvm,arm_cpu,resnet-18,334.78913900000003,335.1243139
nnvm,arm_cpu,resnet-18,335.49494899999996,335.1243139
nnvm,arm_cpu,resnet-18,335.13779500000004,335.1243139
nnvm,arm_cpu,resnet-18,335.165072,335.1243139
nnvm,arm_cpu,resnet-18,335.276381,335.1243139
nnvm,arm_cpu,resnet-18,334.915442,335.1243139
nnvm,arm_cpu,resnet-18,335.418253,335.1243139
nnvm,arm_cpu,resnet-18,335.360335,335.1243139
nnvm,arm_cpu,resnet-18,334.81111400000003,335.1243139
nnvm,arm_cpu,mobilenet,140.863406,140.7488024
nnvm,arm_cpu,mobilenet,140.842207,140.7488024
nnvm,arm_cpu,mobilenet,140.896634,140.7488024
nnvm,arm_cpu,mobilenet,140.60596,140.7488024
nnvm,arm_cpu,mobilenet,140.459451,140.7488024
nnvm,arm_cpu,mobilenet,140.65122,140.7488024
nnvm,arm_cpu,mobilenet,140.9633,140.7488024
nnvm,arm_cpu,mobilenet,140.548721,140.7488024
nnvm,arm_cpu,mobilenet,140.54268,140.7488024
nnvm,arm_cpu,mobilenet,141.11444500000002,140.7488024
nnvm,gpu,dqn,0.40749599999999997,0.4450259
nnvm,gpu,dqn,0.448495,0.4450259
nnvm,gpu,dqn,0.45144,0.4450259
nnvm,gpu,dqn,0.449386,0.4450259
nnvm,gpu,dqn,0.44972700000000004,0.4450259
nnvm,gpu,dqn,0.447763,0.4450259
nnvm,gpu,dqn,0.450208,0.4450259
nnvm,gpu,dqn,0.447032,0.4450259
nnvm,gpu,dqn,0.450228,0.4450259
nnvm,gpu,dqn,0.44848400000000005,0.4450259
nnvm,gpu,resnet-18,1.806725,1.8024902
nnvm,gpu,resnet-18,1.794174,1.8024902
nnvm,gpu,resnet-18,1.802433,1.8024902
nnvm,gpu,resnet-18,1.799878,1.8024902
nnvm,gpu,resnet-18,1.80831,1.8024902
nnvm,gpu,resnet-18,1.800427,1.8024902
nnvm,gpu,resnet-18,1.8075050000000001,1.8024902
nnvm,gpu,resnet-18,1.7969089999999999,1.8024902
nnvm,gpu,resnet-18,1.809779,1.8024902
nnvm,gpu,resnet-18,1.798762,1.8024902
nnvm,gpu,mobilenet,1.147777,1.1487162000000002
nnvm,gpu,mobilenet,1.145463,1.1487162000000002
nnvm,gpu,mobilenet,1.1497709999999999,1.1487162000000002
nnvm,gpu,mobilenet,1.144952,1.1487162000000002
nnvm,gpu,mobilenet,1.1464050000000001,1.1487162000000002
nnvm,gpu,mobilenet,1.148819,1.1487162000000002
nnvm,gpu,mobilenet,1.144161,1.1487162000000002
nnvm,gpu,mobilenet,1.168206,1.1487162000000002
nnvm,gpu,mobilenet,1.14893,1.1487162000000002
nnvm,gpu,mobilenet,1.142678,1.1487162000000002
tf,gpu,resnet-18,3.90033333,0
tf-xla,gpu,resnet-18,4.04266666,0
tf,gpu,mobilenet,2.51266666,0
tf-xla,gpu,mobilenet,8.03033333,0
tf,gpu,dqn,0.408,0
tf-xla,gpu,dqn,0.432,0
tf,gpu,dcgan,0.71233333,0
tf-xla,gpu,dcgan,0.674,0
tflite,arm_cpu,mobilenet,301.423044,0
tflite,arm_cpu,resnet-18,753.04408100000001,0
tflite,arm_cpu,dqn,11.290524000000001,0
