bitstream,Model,Target,IR,ms_per_image
0_0_4/ultra96_1x16x16_a8w8o8s32_7_15_15_18_17_333MHz_2ns_gii1_aii2.bit,q_resnet18_v1-w8a8,vta,nnvm,64.8713
0_0_4/ultra96_1x16x16_a8w8o8s32_7_15_15_18_17_333MHz_2ns_gii1_aii2.bit,q_resnet18_v1-w8a8,vta,nnvm,64.3466
0_0_4/ultra96_1x16x16_a8w8o8s32_7_15_15_18_17_333MHz_2ns_gii1_aii2.bit,q_resnet18_v1-w8a8,vta,nnvm,63.9373
0_0_4/ultra96_1x16x16_a8w8o8s32_7_15_15_18_17_333MHz_2ns_gii1_aii2.bit,q_resnet18_v1-w8a8,vta,nnvm,64.1579
0_0_4/ultra96_1x16x16_a8w8o8s32_7_15_15_18_17_333MHz_2ns_gii1_aii2.bit,q_resnet18_v1-w8a8,vta,nnvm,71.4474
0_0_4/ultra96_1x16x16_a8w8o8s32_7_15_15_18_17_333MHz_2ns_gii1_aii2.bit,q_resnet18_v1-w8a8,vta,nnvm,64.2096
0_0_4/ultra96_1x16x16_a8w8o8s32_7_15_15_18_17_333MHz_2ns_gii1_aii2.bit,q_resnet18_v1-w8a8,vta,nnvm,64.1245
0_0_4/ultra96_1x16x16_a8w8o8s32_7_15_15_18_17_333MHz_2ns_gii1_aii2.bit,q_resnet18_v1-w8a8,vta,nnvm,64.2648
0_0_4/ultra96_1x16x16_a8w8o8s32_7_15_15_18_17_333MHz_2ns_gii1_aii2.bit,q_resnet18_v1-w8a8,vta,nnvm,64.2368
0_0_4/ultra96_1x16x16_a8w8o8s32_7_15_15_18_17_333MHz_2ns_gii1_aii2.bit,q_resnet18_v1-w8a8,vta,nnvm,64.3167
0_0_4/ultra96_1x16x16_a8w8o8s32_7_15_15_18_17_333MHz_2ns_gii1_aii2.bit,q_resnet18_v1-w8a8,vta,nnvm,70.0189
0_0_4/ultra96_1x16x16_a8w8o8s32_7_15_15_18_17_333MHz_2ns_gii1_aii2.bit,q_resnet18_v1-w8a8,vta,nnvm,64.4076
0_0_4/ultra96_1x16x16_a8w8o8s32_7_15_15_18_17_333MHz_2ns_gii1_aii2.bit,q_resnet18_v1-w8a8,cpu,nnvm,301.368
0_0_4/ultra96_1x16x16_a8w8o8s32_7_15_15_18_17_333MHz_2ns_gii1_aii2.bit,q_resnet18_v1-w8a8,cpu,nnvm,307.609
0_0_4/ultra96_1x16x16_a8w8o8s32_7_15_15_18_17_333MHz_2ns_gii1_aii2.bit,q_resnet18_v1-w8a8,cpu,nnvm,308.079
0_0_4/ultra96_1x16x16_a8w8o8s32_7_15_15_18_17_333MHz_2ns_gii1_aii2.bit,q_resnet18_v1-w8a8,cpu,nnvm,308.323
0_0_4/ultra96_1x16x16_a8w8o8s32_7_15_15_18_17_333MHz_2ns_gii1_aii2.bit,q_resnet18_v1-w8a8,cpu,nnvm,301.636
0_0_4/ultra96_1x16x16_a8w8o8s32_7_15_15_18_17_333MHz_2ns_gii1_aii2.bit,q_resnet18_v1-w8a8,cpu,nnvm,307.514
0_0_4/ultra96_1x16x16_a8w8o8s32_7_15_15_18_17_333MHz_2ns_gii1_aii2.bit,q_resnet18_v1-w8a8,cpu,nnvm,307.984
0_0_4/ultra96_1x16x16_a8w8o8s32_7_15_15_18_17_333MHz_2ns_gii1_aii2.bit,q_resnet18_v1-w8a8,cpu,nnvm,301.175
0_0_4/ultra96_1x16x16_a8w8o8s32_7_15_15_18_17_333MHz_2ns_gii1_aii2.bit,q_resnet18_v1-w8a8,cpu,nnvm,307.946
0_0_4/ultra96_1x16x16_a8w8o8s32_7_15_15_18_17_333MHz_2ns_gii1_aii2.bit,q_resnet18_v1-w8a8,cpu,nnvm,301.486
0_0_4/ultra96_1x16x16_a8w8o8s32_7_15_15_18_17_333MHz_2ns_gii1_aii2.bit,q_resnet18_v1-w8a8,vta,relay,64.894
0_0_4/ultra96_1x16x16_a8w8o8s32_7_15_15_18_17_333MHz_2ns_gii1_aii2.bit,q_resnet18_v1-w8a8,vta,relay,65.8065
0_0_4/ultra96_1x16x16_a8w8o8s32_7_15_15_18_17_333MHz_2ns_gii1_aii2.bit,q_resnet18_v1-w8a8,vta,relay,65.295
0_0_4/ultra96_1x16x16_a8w8o8s32_7_15_15_18_17_333MHz_2ns_gii1_aii2.bit,q_resnet18_v1-w8a8,vta,relay,73.0178
0_0_4/ultra96_1x16x16_a8w8o8s32_7_15_15_18_17_333MHz_2ns_gii1_aii2.bit,q_resnet18_v1-w8a8,vta,relay,65.0576
0_0_4/ultra96_1x16x16_a8w8o8s32_7_15_15_18_17_333MHz_2ns_gii1_aii2.bit,q_resnet18_v1-w8a8,vta,relay,65.0629
0_0_4/ultra96_1x16x16_a8w8o8s32_7_15_15_18_17_333MHz_2ns_gii1_aii2.bit,q_resnet18_v1-w8a8,vta,relay,65.3263
0_0_4/ultra96_1x16x16_a8w8o8s32_7_15_15_18_17_333MHz_2ns_gii1_aii2.bit,q_resnet18_v1-w8a8,vta,relay,69.4892
0_0_4/ultra96_1x16x16_a8w8o8s32_7_15_15_18_17_333MHz_2ns_gii1_aii2.bit,q_resnet18_v1-w8a8,vta,relay,65.3933
0_0_4/ultra96_1x16x16_a8w8o8s32_7_15_15_18_17_333MHz_2ns_gii1_aii2.bit,q_resnet18_v1-w8a8,vta,relay,65.0812
0_0_4/ultra96_1x16x16_a8w8o8s32_7_15_15_18_17_333MHz_2ns_gii1_aii2.bit,q_resnet18_v1-w8a8,cpu,relay,313.384
0_0_4/ultra96_1x16x16_a8w8o8s32_7_15_15_18_17_333MHz_2ns_gii1_aii2.bit,q_resnet18_v1-w8a8,cpu,relay,321.114
0_0_4/ultra96_1x16x16_a8w8o8s32_7_15_15_18_17_333MHz_2ns_gii1_aii2.bit,q_resnet18_v1-w8a8,cpu,relay,313.994
0_0_4/ultra96_1x16x16_a8w8o8s32_7_15_15_18_17_333MHz_2ns_gii1_aii2.bit,q_resnet18_v1-w8a8,cpu,relay,315.332
0_0_4/ultra96_1x16x16_a8w8o8s32_7_15_15_18_17_333MHz_2ns_gii1_aii2.bit,q_resnet18_v1-w8a8,cpu,relay,320.288
0_0_4/ultra96_1x16x16_a8w8o8s32_7_15_15_18_17_333MHz_2ns_gii1_aii2.bit,q_resnet18_v1-w8a8,cpu,relay,315.779
0_0_4/ultra96_1x16x16_a8w8o8s32_7_15_15_18_17_333MHz_2ns_gii1_aii2.bit,q_resnet18_v1-w8a8,cpu,relay,315.784
0_0_4/ultra96_1x16x16_a8w8o8s32_7_15_15_18_17_333MHz_2ns_gii1_aii2.bit,q_resnet18_v1-w8a8,cpu,relay,313.327
0_0_4/ultra96_1x16x16_a8w8o8s32_7_15_15_18_17_333MHz_2ns_gii1_aii2.bit,q_resnet18_v1-w8a8,cpu,relay,322.985
0_0_4/ultra96_1x16x16_a8w8o8s32_7_15_15_18_17_333MHz_2ns_gii1_aii2.bit,q_resnet18_v1-w8a8,cpu,relay,314.776
0_0_4/ultra96_1x16x16_a8w8o8s32_7_15_15_18_17_333MHz_2ns_gii1_aii2.bit,q_resnet34_v1-w8a8,vta,nnvm,95.322
0_0_4/ultra96_1x16x16_a8w8o8s32_7_15_15_18_17_333MHz_2ns_gii1_aii2.bit,q_resnet34_v1-w8a8,vta,nnvm,103.225
0_0_4/ultra96_1x16x16_a8w8o8s32_7_15_15_18_17_333MHz_2ns_gii1_aii2.bit,q_resnet34_v1-w8a8,vta,nnvm,94.982
0_0_4/ultra96_1x16x16_a8w8o8s32_7_15_15_18_17_333MHz_2ns_gii1_aii2.bit,q_resnet34_v1-w8a8,vta,nnvm,95.0182
0_0_4/ultra96_1x16x16_a8w8o8s32_7_15_15_18_17_333MHz_2ns_gii1_aii2.bit,q_resnet34_v1-w8a8,vta,nnvm,95.1968
0_0_4/ultra96_1x16x16_a8w8o8s32_7_15_15_18_17_333MHz_2ns_gii1_aii2.bit,q_resnet34_v1-w8a8,vta,nnvm,94.996
0_0_4/ultra96_1x16x16_a8w8o8s32_7_15_15_18_17_333MHz_2ns_gii1_aii2.bit,q_resnet34_v1-w8a8,vta,nnvm,95.2235
0_0_4/ultra96_1x16x16_a8w8o8s32_7_15_15_18_17_333MHz_2ns_gii1_aii2.bit,q_resnet34_v1-w8a8,vta,nnvm,95.0563
0_0_4/ultra96_1x16x16_a8w8o8s32_7_15_15_18_17_333MHz_2ns_gii1_aii2.bit,q_resnet34_v1-w8a8,vta,nnvm,102.682
0_0_4/ultra96_1x16x16_a8w8o8s32_7_15_15_18_17_333MHz_2ns_gii1_aii2.bit,q_resnet34_v1-w8a8,vta,nnvm,95.1824
0_0_4/ultra96_1x16x16_a8w8o8s32_7_15_15_18_17_333MHz_2ns_gii1_aii2.bit,q_resnet34_v1-w8a8,cpu,nnvm,610.082
0_0_4/ultra96_1x16x16_a8w8o8s32_7_15_15_18_17_333MHz_2ns_gii1_aii2.bit,q_resnet34_v1-w8a8,cpu,nnvm,608.959
0_0_4/ultra96_1x16x16_a8w8o8s32_7_15_15_18_17_333MHz_2ns_gii1_aii2.bit,q_resnet34_v1-w8a8,cpu,nnvm,609.739
0_0_4/ultra96_1x16x16_a8w8o8s32_7_15_15_18_17_333MHz_2ns_gii1_aii2.bit,q_resnet34_v1-w8a8,cpu,nnvm,609.267
0_0_4/ultra96_1x16x16_a8w8o8s32_7_15_15_18_17_333MHz_2ns_gii1_aii2.bit,q_resnet34_v1-w8a8,cpu,nnvm,616.108
0_0_4/ultra96_1x16x16_a8w8o8s32_7_15_15_18_17_333MHz_2ns_gii1_aii2.bit,q_resnet34_v1-w8a8,cpu,nnvm,608.857
0_0_4/ultra96_1x16x16_a8w8o8s32_7_15_15_18_17_333MHz_2ns_gii1_aii2.bit,q_resnet34_v1-w8a8,cpu,nnvm,615.38
0_0_4/ultra96_1x16x16_a8w8o8s32_7_15_15_18_17_333MHz_2ns_gii1_aii2.bit,q_resnet34_v1-w8a8,cpu,nnvm,615.97
0_0_4/ultra96_1x16x16_a8w8o8s32_7_15_15_18_17_333MHz_2ns_gii1_aii2.bit,q_resnet34_v1-w8a8,cpu,nnvm,616.611
0_0_4/ultra96_1x16x16_a8w8o8s32_7_15_15_18_17_333MHz_2ns_gii1_aii2.bit,q_resnet34_v1-w8a8,cpu,nnvm,615.084
0_0_4/ultra96_1x16x16_a8w8o8s32_7_15_15_18_17_333MHz_2ns_gii1_aii2.bit,q_resnet34_v1-w8a8,vta,relay,96.9122
0_0_4/ultra96_1x16x16_a8w8o8s32_7_15_15_18_17_333MHz_2ns_gii1_aii2.bit,q_resnet34_v1-w8a8,vta,relay,96.4147
0_0_4/ultra96_1x16x16_a8w8o8s32_7_15_15_18_17_333MHz_2ns_gii1_aii2.bit,q_resnet34_v1-w8a8,vta,relay,97.2131
0_0_4/ultra96_1x16x16_a8w8o8s32_7_15_15_18_17_333MHz_2ns_gii1_aii2.bit,q_resnet34_v1-w8a8,vta,relay,96.6414
0_0_4/ultra96_1x16x16_a8w8o8s32_7_15_15_18_17_333MHz_2ns_gii1_aii2.bit,q_resnet34_v1-w8a8,vta,relay,102.892
0_0_4/ultra96_1x16x16_a8w8o8s32_7_15_15_18_17_333MHz_2ns_gii1_aii2.bit,q_resnet34_v1-w8a8,vta,relay,96.5986
0_0_4/ultra96_1x16x16_a8w8o8s32_7_15_15_18_17_333MHz_2ns_gii1_aii2.bit,q_resnet34_v1-w8a8,vta,relay,96.5264
0_0_4/ultra96_1x16x16_a8w8o8s32_7_15_15_18_17_333MHz_2ns_gii1_aii2.bit,q_resnet34_v1-w8a8,vta,relay,96.4338
0_0_4/ultra96_1x16x16_a8w8o8s32_7_15_15_18_17_333MHz_2ns_gii1_aii2.bit,q_resnet34_v1-w8a8,vta,relay,104.119
0_0_4/ultra96_1x16x16_a8w8o8s32_7_15_15_18_17_333MHz_2ns_gii1_aii2.bit,q_resnet34_v1-w8a8,vta,relay,96.5597
0_0_4/ultra96_1x16x16_a8w8o8s32_7_15_15_18_17_333MHz_2ns_gii1_aii2.bit,q_resnet34_v1-w8a8,cpu,relay,638.014
0_0_4/ultra96_1x16x16_a8w8o8s32_7_15_15_18_17_333MHz_2ns_gii1_aii2.bit,q_resnet34_v1-w8a8,cpu,relay,635.821
0_0_4/ultra96_1x16x16_a8w8o8s32_7_15_15_18_17_333MHz_2ns_gii1_aii2.bit,q_resnet34_v1-w8a8,cpu,relay,638.432
0_0_4/ultra96_1x16x16_a8w8o8s32_7_15_15_18_17_333MHz_2ns_gii1_aii2.bit,q_resnet34_v1-w8a8,cpu,relay,632.282
0_0_4/ultra96_1x16x16_a8w8o8s32_7_15_15_18_17_333MHz_2ns_gii1_aii2.bit,q_resnet34_v1-w8a8,cpu,relay,636.259
0_0_4/ultra96_1x16x16_a8w8o8s32_7_15_15_18_17_333MHz_2ns_gii1_aii2.bit,q_resnet34_v1-w8a8,cpu,relay,640.943
0_0_4/ultra96_1x16x16_a8w8o8s32_7_15_15_18_17_333MHz_2ns_gii1_aii2.bit,q_resnet34_v1-w8a8,cpu,relay,633.311
0_0_4/ultra96_1x16x16_a8w8o8s32_7_15_15_18_17_333MHz_2ns_gii1_aii2.bit,q_resnet34_v1-w8a8,cpu,relay,640.177
0_0_4/ultra96_1x16x16_a8w8o8s32_7_15_15_18_17_333MHz_2ns_gii1_aii2.bit,q_resnet34_v1-w8a8,cpu,relay,634.801
0_0_4/ultra96_1x16x16_a8w8o8s32_7_15_15_18_17_333MHz_2ns_gii1_aii2.bit,q_resnet34_v1-w8a8,cpu,relay,632.928
0_0_4/ultra96_1x16x16_a8w8o8s32_7_15_15_18_17_333MHz_2ns_gii1_aii2.bit,q_resnet50_v1-w8a8,vta,nnvm,187.376
0_0_4/ultra96_1x16x16_a8w8o8s32_7_15_15_18_17_333MHz_2ns_gii1_aii2.bit,q_resnet50_v1-w8a8,vta,nnvm,181.985
0_0_4/ultra96_1x16x16_a8w8o8s32_7_15_15_18_17_333MHz_2ns_gii1_aii2.bit,q_resnet50_v1-w8a8,vta,nnvm,185.557
0_0_4/ultra96_1x16x16_a8w8o8s32_7_15_15_18_17_333MHz_2ns_gii1_aii2.bit,q_resnet50_v1-w8a8,vta,nnvm,181.641
0_0_4/ultra96_1x16x16_a8w8o8s32_7_15_15_18_17_333MHz_2ns_gii1_aii2.bit,q_resnet50_v1-w8a8,vta,nnvm,188.766
0_0_4/ultra96_1x16x16_a8w8o8s32_7_15_15_18_17_333MHz_2ns_gii1_aii2.bit,q_resnet50_v1-w8a8,vta,nnvm,185.171
0_0_4/ultra96_1x16x16_a8w8o8s32_7_15_15_18_17_333MHz_2ns_gii1_aii2.bit,q_resnet50_v1-w8a8,vta,nnvm,181.921
0_0_4/ultra96_1x16x16_a8w8o8s32_7_15_15_18_17_333MHz_2ns_gii1_aii2.bit,q_resnet50_v1-w8a8,vta,nnvm,182.292
0_0_4/ultra96_1x16x16_a8w8o8s32_7_15_15_18_17_333MHz_2ns_gii1_aii2.bit,q_resnet50_v1-w8a8,vta,nnvm,187.975
0_0_4/ultra96_1x16x16_a8w8o8s32_7_15_15_18_17_333MHz_2ns_gii1_aii2.bit,q_resnet50_v1-w8a8,vta,nnvm,181.174
0_0_4/ultra96_1x16x16_a8w8o8s32_7_15_15_18_17_333MHz_2ns_gii1_aii2.bit,q_resnet50_v1-w8a8,cpu,nnvm,696.45
0_0_4/ultra96_1x16x16_a8w8o8s32_7_15_15_18_17_333MHz_2ns_gii1_aii2.bit,q_resnet50_v1-w8a8,cpu,nnvm,691.519
0_0_4/ultra96_1x16x16_a8w8o8s32_7_15_15_18_17_333MHz_2ns_gii1_aii2.bit,q_resnet50_v1-w8a8,cpu,nnvm,688.803
0_0_4/ultra96_1x16x16_a8w8o8s32_7_15_15_18_17_333MHz_2ns_gii1_aii2.bit,q_resnet50_v1-w8a8,cpu,nnvm,689.448
0_0_4/ultra96_1x16x16_a8w8o8s32_7_15_15_18_17_333MHz_2ns_gii1_aii2.bit,q_resnet50_v1-w8a8,cpu,nnvm,696.875
0_0_4/ultra96_1x16x16_a8w8o8s32_7_15_15_18_17_333MHz_2ns_gii1_aii2.bit,q_resnet50_v1-w8a8,cpu,nnvm,690.255
0_0_4/ultra96_1x16x16_a8w8o8s32_7_15_15_18_17_333MHz_2ns_gii1_aii2.bit,q_resnet50_v1-w8a8,cpu,nnvm,694.977
0_0_4/ultra96_1x16x16_a8w8o8s32_7_15_15_18_17_333MHz_2ns_gii1_aii2.bit,q_resnet50_v1-w8a8,cpu,nnvm,704.591
0_0_4/ultra96_1x16x16_a8w8o8s32_7_15_15_18_17_333MHz_2ns_gii1_aii2.bit,q_resnet50_v1-w8a8,cpu,nnvm,693.115
0_0_4/ultra96_1x16x16_a8w8o8s32_7_15_15_18_17_333MHz_2ns_gii1_aii2.bit,q_resnet50_v1-w8a8,cpu,nnvm,696.164
0_0_4/ultra96_1x16x16_a8w8o8s32_7_15_15_18_17_333MHz_2ns_gii1_aii2.bit,q_resnet50_v1-w8a8,vta,relay,188.193
0_0_4/ultra96_1x16x16_a8w8o8s32_7_15_15_18_17_333MHz_2ns_gii1_aii2.bit,q_resnet50_v1-w8a8,vta,relay,191.434
0_0_4/ultra96_1x16x16_a8w8o8s32_7_15_15_18_17_333MHz_2ns_gii1_aii2.bit,q_resnet50_v1-w8a8,vta,relay,185.929
0_0_4/ultra96_1x16x16_a8w8o8s32_7_15_15_18_17_333MHz_2ns_gii1_aii2.bit,q_resnet50_v1-w8a8,vta,relay,191.943
0_0_4/ultra96_1x16x16_a8w8o8s32_7_15_15_18_17_333MHz_2ns_gii1_aii2.bit,q_resnet50_v1-w8a8,vta,relay,186.987
0_0_4/ultra96_1x16x16_a8w8o8s32_7_15_15_18_17_333MHz_2ns_gii1_aii2.bit,q_resnet50_v1-w8a8,vta,relay,186.219
0_0_4/ultra96_1x16x16_a8w8o8s32_7_15_15_18_17_333MHz_2ns_gii1_aii2.bit,q_resnet50_v1-w8a8,vta,relay,193.936
0_0_4/ultra96_1x16x16_a8w8o8s32_7_15_15_18_17_333MHz_2ns_gii1_aii2.bit,q_resnet50_v1-w8a8,vta,relay,186.96
0_0_4/ultra96_1x16x16_a8w8o8s32_7_15_15_18_17_333MHz_2ns_gii1_aii2.bit,q_resnet50_v1-w8a8,vta,relay,193.036
0_0_4/ultra96_1x16x16_a8w8o8s32_7_15_15_18_17_333MHz_2ns_gii1_aii2.bit,q_resnet50_v1-w8a8,vta,relay,186.154
0_0_4/ultra96_1x16x16_a8w8o8s32_7_15_15_18_17_333MHz_2ns_gii1_aii2.bit,q_resnet50_v1-w8a8,cpu,relay,704.95
0_0_4/ultra96_1x16x16_a8w8o8s32_7_15_15_18_17_333MHz_2ns_gii1_aii2.bit,q_resnet50_v1-w8a8,cpu,relay,711.614
0_0_4/ultra96_1x16x16_a8w8o8s32_7_15_15_18_17_333MHz_2ns_gii1_aii2.bit,q_resnet50_v1-w8a8,cpu,relay,709.989
0_0_4/ultra96_1x16x16_a8w8o8s32_7_15_15_18_17_333MHz_2ns_gii1_aii2.bit,q_resnet50_v1-w8a8,cpu,relay,704.224
0_0_4/ultra96_1x16x16_a8w8o8s32_7_15_15_18_17_333MHz_2ns_gii1_aii2.bit,q_resnet50_v1-w8a8,cpu,relay,705.457
0_0_4/ultra96_1x16x16_a8w8o8s32_7_15_15_18_17_333MHz_2ns_gii1_aii2.bit,q_resnet50_v1-w8a8,cpu,relay,712.315
0_0_4/ultra96_1x16x16_a8w8o8s32_7_15_15_18_17_333MHz_2ns_gii1_aii2.bit,q_resnet50_v1-w8a8,cpu,relay,711.947
0_0_4/ultra96_1x16x16_a8w8o8s32_7_15_15_18_17_333MHz_2ns_gii1_aii2.bit,q_resnet50_v1-w8a8,cpu,relay,704.704
0_0_4/ultra96_1x16x16_a8w8o8s32_7_15_15_18_17_333MHz_2ns_gii1_aii2.bit,q_resnet50_v1-w8a8,cpu,relay,712.932
0_0_4/ultra96_1x16x16_a8w8o8s32_7_15_15_18_17_333MHz_2ns_gii1_aii2.bit,q_resnet50_v1-w8a8,cpu,relay,710.579
